{"cameraMode":{"drawMode":0,"name":"Shaded","section":"Shading Mode"},"sceneLighting":true,"audioPlay":false,"sceneViewState":{"m_AlwaysRefresh":false,"showFog":true,"showSkybox":true,"showFlares":true,"showImageEffects":true,"showParticleSystems":true,"showVisualEffectGraphs":true,"m_FxEnabled":true},"in2DMode":false,"pivot":{"x":625.2996826171875,"y":159.71568298339845,"z":2.3389358520507814},"rotation":{"x":-0.005564705468714237,"y":0.9910673499107361,"z":0.04382425919175148,"w":0.1258426457643509},"size":42.72002029418945,"orthographic":false}